TV,
LED TV,
,
"Samsung UN19F4000 19"" 720p LED-LCD HDTV",149.99
"Sony KDL-32R420B32"" 720p LED-LCD HDTV",279.99
"LG 42LB580042"" 1080p LED-LCD HDTV with Wi-Fi®",449.99
"Sony KDL-40W600B40"" 1080p LED-LCD HDTV with Wi-Fi®",479.99
"Samsung UN48H550048"" 1080p LED-LCD HDTV with Wi-Fi®",749.99
,
4K Ultra HD TV,
"Samsung UN40JU650040"" 4K Ultra High Definition TV",829.99
"LG 49UB820049"" 4K Ultra High Definition TV",899.99
"Sony XBR-49X850B49"" 4K Ultra High Definition TV",1399.99
"LG 55UB950055"" 4K Ultra High Definition TV",1499.99
"Samsung UN48JU750048"" curved-screen 4K Ultra High Definition TV",1599.99
"Sharp LC-60UD27U60"" 4K Ultra High Definition TV",1799.99
