Monitor,Price
15.6 Inch,
AOC 15.6 inch LED Backlit LCD - e1670Swu Monitor,4190
Acer P166HQL 15.6 Inch LED Backlit LCD Monitor,4263
Acer P166HQL 15.6 Inch LED Backlit LCD Monitor,4343
Philips 163V5LSB23 15.6 inch LED Backlit LCD Monitor,4512
LG 16EN33S 15.6 Inch LED Backlit LCD Monitor,5699
,
18.5 Inch,
Dell E1914H 18.5 Inch LED Backlit LCD Monitor,4949
Samsung LS19D300NY/XL 18.5 inch LED Backlit LCD Monitor,5400
LG 19M35A 18.5 Inch LED Backlit LCD Monitor,5410
AOC 18.5 inch LED Backlit LCD - e970Swnl Monitor,5094
Samsung LS19C170BS/XL 18.5 inch LCD Monitor,5887
,
21.5 Inch,
Dell S2240L 21.5 Inch LED Backlit LCD Monitor,7900
Samsung LS22C170BS/XL 21.5 Inch LED Backlit LCD Monitor,7650
AOC E2270SWN 21.5 inches Full HD LED Monitor,6877
Dell S2240T 21.5 Inch LED Backlit LCD Touchscreen Monitor,15000
HP Pavilion 22fi 21.5-inch Diagonal IPS LED Backlit Monitor,8736
,
24 Inch,
Dell E2414H 24 inch Monitor,10399
Dell S2240T 21.5 Inch LED Backlit LCD Touchscreen Monitor,15000
Samsung LS24B370HS 24 Inch LED Monitor,13510
LG 24MN33S MTV 24 inches LED Monitor,11699
Asus 24 inch VS248H LED Backlit LCD Monitor,13160
,
27 Inch,
Benq GW2760HS 27 inch Monitor,16900
Samsung LS27C750PS-XL 27 inch Monitor,25063
Philips 27 Inch WIDE LED 3D MONITOR,20931
Dell 27 inches U 2711 H Ultra Sharp monitor,71999
HP C4D27A7 Pavilion 27-inch LED Backlit Monitor,21037
